scorer,,,jwidrick,jwidrick,jwidrick,jwidrick,jwidrick,jwidrick,jwidrick,jwidrick,jwidrick,jwidrick,jwidrick,jwidrick,jwidrick,jwidrick
bodyparts,,,TS,TS,S1,S1,S2,S2,T1,T1,T2,T2,T3,T3,T4,T4
coords,,,x,y,x,y,x,y,x,y,x,y,x,y,x,y
labeled-data,01029,img012.png,276.3974623099411,410.9985658909331,302.7616454403026,381.577665875892,314.9885129790209,366.676171063079,334.09299350826836,346.0433320914917,353.5795636481008,324.6463138987347,371.91986495617834,304.7776541483172,395.6094208124452,280.3239190708805
labeled-data,01029,img014.png,277.0317049377267,410.00813736872635,301.7695579307266,381.6420659367531,316.2824316866199,365.1501639414198,333.7638478016731,346.3493956667399,352.8944541162598,325.89943719252676,372.35489847075297,304.45996459859333,394.1242091045929,281.3713018051268
labeled-data,01029,img025.png,344.77182988828656,386.77682778730787,307.58177445801823,384.99374293791146,290.00565237111056,370.4743377356834,296.8832653616396,346.7847818794165,319.5539155896799,335.5768199689247,348.3379995870795,328.444480571339,377.8862628056488,321.05741476669664
labeled-data,01029,img026.png,348.7078753930183,376.6115459697011,311.4459740530673,383.01236337779085,292.24352182879807,375.92574410454864,289.5003143681881,352.60848068936457,308.47416597073993,338.2066415211626,336.3634418202738,332.26302535650785,369.967733212745,325.4050067049832
labeled-data,01029,img027.png,347.85369284135504,363.0250925619339,316.711756717098,380.7906265925503,296.02013472849774,379.11857633084526,285.15180802741475,360.5170171693763,298.7372164037684,341.7064517251942,324.65399546019717,335.01825067837393,356.42295043259355,330.83812502411115
labeled-data,01029,img028.png,352.01465196634825,355.9277617167027,318.9132819416556,377.8734214015818,299.7108297173864,380.7995093595657,284.165987440597,365.25466708277634,295.3216977804106,342.39460491102733,322.02225039701347,335.6280265081895,352.74617395584426,332.7019385502057
labeled-data,01029,img031.png,365.7114541599418,354.4640645930772,331.60750712285954,367.18079060690445,309.8349307658523,375.8512856163322,284.5941564050739,375.08057494882746,273.9968847268845,354.6567422599533,286.7136107407117,336.5450415735934,316.77132677339443,329.80132323292736
labeled-data,01029,img034.png,385.35292081532685,379.3556678327981,354.0803557643741,365.3653097836876,334.32926204798287,365.7767909027791,308.4059515452195,372.56622936778854,280.4252354469985,378.5327055946151,261.7028445283361,364.33660698595895,268.903764112437,333.0640419350062
labeled-data,01029,img035.png,389.1862445289388,388.21505761070256,364.5338113706687,367.8598375717639,342.59540755092365,361.97944067162604,316.81212883493464,367.8598375717639,291.02885011894574,378.7159549258645,264.7932331798693,374.41874180653303,252.35393204496228,346.14760286356267
labeled-data,01029,img038.png,387.3363930353481,413.9216008231716,382.03169932823073,382.33456102170015,374.7980260912525,368.5905818714416,350.44465952675927,358.4634393396721,321.9922114613116,363.28588816432426,296.9154775731206,375.3420102259545,266.29292753657955,383.2990507866306
labeled-data,01029,img040.png,386.95435634498347,424.4968447731808,384.8316362861782,393.2928599087433,382.9211882332534,376.7356434500622,368.9112358451386,358.9047949560979,345.7735872041612,353.8102668149652,320.72549051025896,359.9661549855005,299.28601791632565,376.52337144418163
labeled-data,01029,img041.png,392.3354582255011,427.72494680968515,384.6022257651151,399.4503156263989,382.9105811644057,381.8088790761434,373.9690311320844,361.7508073820173,355.1192770098936,352.3259303209218,331.4362525999615,354.5009019504054,306.7865741324812,367.06740469853264
labeled-data,01029,img045.png,434.11709103761507,428.22891320887715,398.7689034737562,425.067693182841,381.23850151119206,418.4578694920381,370.60530687816134,402.9391530005879,374.91606145911976,382.5349146507182,378.3646651238864,362.13067630084845,361.4090304387834,348.04887800305096
labeled-data,01029,img049.png,461.8439951312663,438.1568422666777,430.9665825835681,427.59875926649704,410.4480439228396,427.797968379708,388.33583235642345,429.79005951181756,367.81729369569496,423.415367889067,355.4663286766156,407.0802206057685,361.04418384652234,385.96405460540717
labeled-data,01029,img053.png,460.23712543825917,475.224629021559,459.0614650979978,440.8953470859267,452.0075030564295,423.9658381861628,429.43482452341095,415.97134787238537,403.33516496960834,421.3793854375877,378.64629782411924,431.0198002277311,350.4304496578461,428.6684795472083
labeled-data,01029,img054.png,456.5298503728495,483.0858778301067,462.728192944561,445.6574246086187,458.91382828504624,425.1552145637272,439.60360719625305,410.85134709054705,413.85664574452886,415.14250733250105,392.4008445347587,427.53919247592387,363.5547117971787,436.83670633349095
labeled-data,01029,img056.png,454.39990980012124,494.01142000108246,460.90523034956755,457.9611019562342,465.5131657387587,438.9872503536824,461.71839541824835,415.6765183848331,441.38926870122873,402.9369323088341,413.47060134318815,410.25541792696123,391.2440894659133,428.95821450661936
labeled-data,01029,img060.png,486.6132382553511,511.65024397280405,463.90339934930205,486.94831393464545,455.5366165944419,469.01949374565936,457.92712595297337,441.9270543489693,465.49707225498975,418.02196076365453,461.9113082171925,392.92161249907406,436.81095995261205,376.98488344219754
labeled-data,01029,img061.png,496.1535357703517,514.4298969039619,466.4811750714214,495.93284088384945,453.3790937238418,478.9772061987464,451.8376723888324,453.54375417109185,460.3154897313839,428.88101281094197,466.8665304051737,404.6036267845444,452.22302772258473,376.08733208687113
labeled-data,01029,img062.png,506.9904886689655,512.2594972869128,472.70039541134184,501.9724693096258,454.18374505222505,488.59933293915253,446.63992453554795,464.2533667262398,454.1837450522251,437.8499949178696,465.49947582724093,413.5040287049568,467.8997823552745,385.3861522337054
labeled-data,01029,img064.png,521.5879609835101,510.2020916914554,484.51547158726794,508.236126344685,464.2941137347722,501.4956737271864,445.4770168442554,484.08283779864837,440.7025295735272,455.71676636667513,449.9706519225877,430.72092124345124,471.8771229294581,407.6910414669978
labeled-data,01029,img068.png,526.799450999883,558.147087914435,516.8063381076613,527.5799190676391,501.22883859919796,504.6545424325422,479.4791223043624,492.01619377473236,453.3206797335467,483.7865713929027,432.15879360884185,471.7360529052235,419.22652986596665,446.1654405045385
labeled-data,01029,img069.png,520.3278588393096,570.1652104282936,518.6427456849349,531.9693122624683,511.05973649024895,508.65858029361897,494.20860494650253,491.52659655747675,465.84253351452924,484.2244395551867,438.8807230445349,478.3265435148753,417.535956422456,460.63285539394155
labeled-data,01029,img072.png,495.02182553247707,580.8172156267684,516.8793106918366,553.5745529643782,526.6993402561865,534.5680441301527,527.6496656978978,506.3750560260512,509.9102574526205,486.1014466028772,477.59919243443693,481.6665945415578,443.7042516800678,486.41822175011424
labeled-data,01029,img074.png,492.18134524160325,594.1506408035261,508.4511780615538,564.0341417538305,522.2978442912989,545.6873089994181,534.0675105865823,523.1864763760822,530.9520106848897,497.5701438510536,511.56667796324643,480.60797771961586,479.71934563483256,478.8771444408977
labeled-data,01035,img004.png,464.57036452322507,288.7227059127812,442.791256719883,319.6719643701621,432.09274762350435,334.57345918297506,418.7196112530312,356.3525669863172,401.90766838729337,381.5704812849238,387.38826318506534,404.4958579200208,369.04796187698776,433.15257871389196
labeled-data,01035,img007.png,464.8530128633629,287.9701526660871,443.6258122753102,317.2636894775999,432.5876679695227,334.6699939598031,416.45499552260264,357.17082658313893,401.59595511096575,382.64346728880224,385.8878266758067,408.1161079944655,369.3306102171256,433.5887487001288
labeled-data,01035,img012.png,463.28650097725847,287.7209126739517,444.1330346005002,319.26779847096543,432.86628967299526,335.4167995337225,417.4684049387385,356.44805673173164,402.0705202044819,380.85933740799226,386.6726354702251,405.2706180842529,370.14807624321793,431.9352477460145
labeled-data,01035,img013.png,464.35648578154616,288.46014177012273,442.89415312544116,318.83136722687505,431.5555622882536,335.83925348265643,416.57242439625577,359.3263345025449,401.5892865042579,381.5985665041632,386.20119893950346,406.30049654232187,370.00321202923544,431.40737625323715
labeled-data,01035,img018.png,461.4631824184395,287.52287922108104,442.6852742059314,319.8208813465951,432.92076193542715,336.7209987378525,416.7717608726701,358.50337226436193,400.9983179741633,380.6613039551216,386.3515495684069,405.82370095988256,372.45589749115084,430.2349816361432
labeled-data,01035,img021.png,428.5655935193924,288.24577970141513,447.31737594656147,319.28321268431563,449.9038286951365,339.97483467291596,430.8287396743956,359.04992369365686,411.10703746651086,373.2754138108196,390.7387220714824,389.7640500829855,371.6636330507415,410.4556720715858
labeled-data,01035,img030.png,380.8843730223663,352.30764227118453,412.97990031150204,341.19765205571446,430.05636675379856,330.2934023997902,449.3959793510984,316.92026602931696,470.38151642476396,326.5900723279668,470.99873810340125,347.78134996117825,455.1567150183791,367.7381842371152
labeled-data,01035,img032.png,367.7751985240672,333.9149587635019,395.07664420347044,346.32470679959425,415.18043602194007,342.3535874280447,434.0432530368004,326.4691099418465,453.15426501238267,313.3147770235886,477.22917620240185,317.5340913558601,480.45571069178584,341.85719750660104
labeled-data,01035,img035.png,368.7116805652719,305.1443295455521,374.19482976332426,337.8048269426468,384.44593478577,354.4926723280236,409.9544984462746,348.2943297563122,428.07273057896947,332.56007553581406,443.09179142580865,316.58742352409615,465.73958159167717,301.80676046847674
labeled-data,01035,img038.png,378.12256073687183,290.4263683747465,372.2246646965606,323.28607488505213,365.20335988666625,339.57550204400707,372.5055168889563,359.7968598965028,394.69284008822257,360.6394164736901,412.38652820915644,348.56277220067193,428.95680756050706,328.6222665405719
labeled-data,01035,img044.png,327.1606535289002,273.5393138761588,362.63947001945473,282.4090179987975,380.378878264732,292.54582271038447,382.9130794426289,314.7200830169811,371.8259492893304,334.04336699844384,356.6207422219499,352.4163255381953,348.7013635410226,376.80801187545154
labeled-data,01035,img053.png,351.04588825163387,215.94920022167491,326.0827003600839,233.7800487156392,315.0870104554725,249.82781236020708,322.8137114695237,273.3050962105933,340.6445599634881,288.1641366222304,367.6880135126672,296.48519925274695,400.6750832265012,301.24009218447077
labeled-data,01035,img056.png,357.90575856819464,198.3295787021776,339.4087025480822,224.97787974810225,325.3007784649456,239.39931325530853,312.44689207808784,259.46391639576944,319.657608831691,281.09606665657884,335.33308003517607,295.20399073971544,361.3543622329613,304.6092734618065
labeled-data,01035,img057.png,350.1037075235021,186.3366675711713,347.74912111981195,216.60992133290185,337.6580365325684,233.09202615873292,320.8395622204959,248.9013920120811,312.4303250644596,271.10177810401683,322.52140965170315,291.62031676474527,345.0581652298804,303.72961826943765
labeled-data,01035,img058.png,342.2229394875829,175.4419538268957,349.0123779525924,207.7726131840837,348.6890713590205,228.78754176625588,333.17035486757027,245.59948463199365,313.7719592532575,259.50166815558447,307.9524405689636,281.16320992490046,325.41099662184513,301.53152531992885
labeled-data,01035,img059.png,332.26085749689776,168.30334424082866,350.581564465971,198.11939675912424,354.5330894985161,220.7508583091558,343.7562030461201,243.0230903107742,324.35780743180726,255.59612450523622,305.6778709143209,270.32453599017737,311.0663141405189,296.18906347592775
labeled-data,01035,img060.png,326.620104498787,163.615725206353,350.760330152154,191.5180639485565,357.97104690575713,211.89617651308708,355.46297151319953,234.78236447017534,336.9659154930871,251.39836394586956,312.8256898397201,264.56575975679704,298.7177657565835,285.570891169467
labeled-data,01035,img061.png,323.04144340887876,156.09306657580055,346.55465021410646,185.15800276559582,357.3315366665024,200.8334739690809,361.25040446737376,227.93897625844056,347.53436716432424,249.1661768464933,325.65402194279307,263.20878646628205,297.2422303864762,271.04652206802456
labeled-data,01035,img063.png,327.0231208634285,137.2747940249435,336.4414664781891,170.23900367660565,346.86892055167414,188.402955933644,361.66917794629796,208.92149459437246,365.3692422949539,234.8219450349642,355.27815770771036,255.00411420945122,329.04133778087726,266.1043072554191
labeled-data,01035,img065.png,346.43524884366025,121.80545526778425,331.2104474372753,152.6175533521346,329.3979710793724,172.1922980174866,343.1727913994349,195.3919953986445,361.6600502500451,216.77921642189946,371.0849273111405,241.79139016096033,358.7600880774004,270.4285166158271
labeled-data,01035,img067.png,366.88282007423805,121.54393615653944,338.2358964498691,135.86739796872394,321.9138120592402,150.5239635439825,321.9138120592402,177.17226458990717,336.90348139757276,199.82332047894306,356.8897071820163,217.14471615879413,376.8759329664598,236.79783818016358
labeled-data,01035,img069.png,384.75007811579565,124.15690657723368,346.41375385377245,128.0202570842593,326.502639702179,135.74695809831047,311.04923767407655,156.25243386636936,317.88439626342955,183.5930682237813,335.12088314092836,203.80136318360746,363.3530599230385,220.74066925287354
labeled-data,01035,img070.png,389.43937246625615,122.17905399813392,352.1121566629572,127.1756104442448,331.538100708383,132.17216689035567,311.2579598388742,147.74966639881902,310.9640447538088,174.20202405470008,325.0719688369454,196.53957051966634,352.99390191815326,214.4683907086524
labeled-data,01035,img071.png,390.47801285958315,116.53314115741864,357.05333624131856,126.41521946194902,339.0330758036455,130.77495989041833,312.58398387093183,142.40093436633643,305.89904854727894,167.39677948956037,314.61852940421744,190.35807907949865,340.1956732512373,208.3783395171717
labeled-data,01035,img074.png,400.21278418920195,83.49525679110008,383.5706589281686,113.57909860912187,367.8886562783487,129.58114212934623,340.3651414235628,137.5821638894584,309.641217864732,141.42265433431223,287.8784386772269,159.98502481777254,291.7189291220807,188.78870315417637
labeled-data,01042,img004.png,528.1580375576427,275.2792911797456,509.5042268254954,247.11569458415073,498.53139698305586,233.2167767837273,484.6324791826325,214.56296605158,469.63627839796504,195.54339432468478,453.90855562380165,175.7923006082936,438.5465938443863,155.67544589715445
labeled-data,01042,img006.png,528.301592216635,275.0521274762218,508.22392618350443,246.26151203248756,497.61685733581294,231.86620431062042,482.81659994118905,212.7225351033643,466.98110830250175,191.65862067368118,451.524440551232,172.03489016081826,436.64907152375804,153.2700448409797
labeled-data,01042,img012.png,526.9278494376554,275.17583306980265,509.4366361530998,246.24805725303787,499.0091820796149,232.45690831713839,483.19981622626665,213.9565865738586,468.3995588316428,194.11078688561298,452.9265624645361,174.9377261698503,438.12630506991235,153.74644853663887
labeled-data,01042,img017.png,523.4638348252618,272.92326785786184,512.0011465077133,246.1769951169154,499.68937016664273,232.1670427288006,481.4339776609174,213.4871062113142,464.87676120223625,192.68444963502253,451.71589683764364,174.0045131175361,438.1304884612898,150.65459247067812
labeled-data,01042,img019.png,508.09578247213904,273.2845874691022,513.1249961499238,247.06083043493857,508.8142415689655,231.25473030475777,490.13430505147903,213.65248243251096,471.45436853399264,197.1279232055038,454.57057975857225,180.6033639784966,436.6091023379123,157.971902428465
labeled-data,01042,img028.png,472.5536795323235,197.7855092224899,485.72107534325096,227.41214979707672,498.3398296620565,248.2605264977119,523.0286968075454,254.56990365711465,536.4704133645339,235.36745143284543,523.5773382996674,214.51907473221024,496.96822593175153,202.9976033976487
labeled-data,01042,img029.png,467.27560795201407,192.78856088959904,485.59304919791987,224.32238379394317,497.88196547681866,243.7991567642734,521.9960653448466,255.62434035340243,540.7772392805222,241.71235966030943,530.5751201055873,217.59825979228157,505.76542120290475,205.07747716849786
labeled-data,01042,img030.png,460.1661971967867,191.48527608795587,483.6794040020143,217.93763374383695,496.9055828299548,238.2667604608567,517.479638784529,256.63645327744075,542.217491777529,251.24801005124274,543.1972087277467,227.73480324601513,523.1130112482815,207.65060576654986
labeled-data,01042,img032.png,443.56747339664787,194.9168979922523,474.63103216488753,207.77078437911007,492.5729152465431,222.76698516377746,506.76574813203194,245.79686494023093,524.7076312136876,264.00653732161277,549.3442467884984,257.5795941281839,555.2356113824748,231.06845345528976
labeled-data,01042,img033.png,434.7772798359657,198.227688139355,469.8576781000984,204.11905273333147,488.6029290809326,214.8306247223796,504.1347084650524,238.93166169773792,516.9885948519102,261.9615414741914,544.303103423983,267.0495381689893,561.9771972059124,246.16197279034543
labeled-data,01042,img038.png,403.146151444126,220.76927698781995,434.2227731050352,204.46678693619546,451.03471597077294,194.78718346804342,479.8187999681724,187.90957047751434,504.5272614526658,203.70260771502555,511.65960085025165,232.9961445265383,508.6028839655719,263.3085869662776
labeled-data,01042,img040.png,385.73264842621955,211.9508521205691,420.8019448789805,211.73029050765865,442.1964213312938,203.12838760415127,464.91426746106976,187.24795147459915,495.35177004271134,184.38065050676335,514.9817535917412,202.9078259912408,516.9668081079351,234.66869825034507
labeled-data,01042,img041.png,376.7232672886912,202.36452167921277,413.5570566447357,214.05428716346643,433.6281634195864,211.84867103436198,456.12544793645185,195.30655006607847,481.0489101953322,180.9700452268995,509.060235034959,187.36633200130242,523.3967398741379,216.25990329257087
labeled-data,01042,img042.png,369.3556371399171,194.5868089248303,399.7408030676478,211.9158488679892,424.1913662751185,216.66353104419713,450.5410023530725,204.31955738605654,470.2438833843353,185.56621279003525,497.7804400063412,176.78300076405057,521.04408266976,193.63727248958872
labeled-data,01042,img045.png,348.24589700709555,177.96190881561097,378.5263896270043,198.82180373154813,397.3675850349475,210.70970083417896,423.16207874820304,219.2330987568199,453.8911712587771,213.17700023283814,472.7323666667203,193.43860504356434,485.96606344134705,167.4198113849761
labeled-data,01042,img048.png,320.40528934808316,191.84084176631137,353.63906458153855,184.25202694922314,375.3587759545842,186.0838098361065,399.95700329273234,200.9997562007282,421.4150313962232,215.91570256534993,449.4151412385833,222.71946757377387,479.50871723738146,211.4670869829189
labeled-data,01042,img052.png,302.8788718391193,218.1079738642482,320.51377694304,193.37012087124833,333.2500972958716,180.38887128086225,356.7633041010993,167.40762169047616,383.7055202320893,170.59170177868407,407.9535147499803,189.94111154548594,420.6898351028119,219.57754928957493
labeled-data,01042,img054.png,283.65001950876484,219.18723005660823,311.08209411486376,203.77301670651454,326.49630746495745,189.9263504767694,344.5230993489653,169.0257222054559,372.477689661847,157.79163450962497,398.3422171475974,167.45817508510746,415.0627197646482,194.10647613103208
labeled-data,01042,img057.png,251.48040836897238,207.69892266797862,287.5478395784637,211.45594675230063,310.0899840843957,208.70079575713115,331.129318956599,195.42597732586006,345.4060104770227,173.63523763679237,358.68082890829373,150.3416883139959,384.97999749854785,142.32670360077563
labeled-data,01042,img058.png,240.65482072965312,204.8895783137952,277.6960875351304,211.10455596572092,297.5840160212926,212.34755149610606,323.68692215938063,204.64097920771817,342.82905332731184,187.4876408884032,353.02161667647005,162.62773028070035,365.4515719803215,138.0164187790745
labeled-data,01042,img060.png,226.28654006488534,212.42165770582238,261.6212581196233,207.84593882103619,282.72040631058195,209.62538505400858,313.73361208524403,208.10014542574652,341.4421319986717,197.67767463262237,357.7113547001337,175.05328681340166,360.7618339566579,147.5989735046844
labeled-data,01042,img061.png,220.13155041398747,219.8256136213701,251.4988214367946,207.3342225060929,274.5384983827503,205.11353075226586,304.24025059018715,205.39111722149426,331.721311043797,204.55835781380907,355.5937473974377,188.45834259856298,364.19892794351756,159.58934979881127
labeled-data,01042,img066.png,209.22351905063533,251.60214507151488,220.15716021506614,228.21630146981556,229.57224010665942,210.90470295946673,249.31353665354845,190.85969415801017,276.9513518191931,185.39287357579474,303.9817424757027,192.37825543084782,331.6195576413473,210.6009907048992
labeled-data,01042,img067.png,200.4420841594881,255.22317891951997,217.29974714956938,234.00577550096943,228.0537735397936,218.31070995848,242.58624163469125,194.76811164474583,267.58208675791525,181.39824099743998,296.3563735858126,185.1766827021134,323.6774136042201,204.94083931117416
labeled-data,01042,img073.png,152.47345716366937,256.5926925869978,187.27300323540626,254.39812661850988,211.09971946470358,249.69548525746438,234.92643569400093,232.76597635770048,246.5262843845799,207.6852224321243,249.6613786252769,180.09639311399056,262.5152650121347,156.26967688469324
labeled-data,01046,img008.png,1035.7907073950082,250.87206000021254,1044.10523857919,287.63103997238505,1046.7308800057735,307.32335067176314,1052.4197697633717,332.7045511287395,1058.9838733298313,359.39857229900764,1065.985583800721,386.0925934692758,1072.5496873671807,413.2242215439745
labeled-data,01046,img009.png,1035.3379246750185,249.98064820444102,1043.5283583788396,285.75991122639573,1047.408037501702,308.6069105054753,1052.1498675407563,334.90251344932153,1059.4781503283855,360.76704093507186,1065.5132067417273,385.7694175046306,1073.7036404455482,414.65147319705187
labeled-data,01046,img013.png,1036.776750051001,251.75903041247648,1045.4635736762657,286.5063249135351,1049.3726443076348,308.2233839766967,1054.1503973015303,335.1525372150171,1060.2311738392154,360.3443257282846,1066.3119503769008,383.7987495164992,1072.392726914586,412.0309262986093
labeled-data,01046,img021.png,1014.7309371680244,273.0589913126987,1048.714052447913,282.5426513908071,1064.5201525780938,295.1875314949518,1062.939542565076,321.2675967097501,1059.7783225390394,347.34766192454833,1056.2219500097488,373.4277271393467,1053.0607299837127,402.6690123801812
labeled-data,01046,img022.png,1012.2818146100843,284.99873647053994,1047.878197134665,281.4390982180819,1065.6763883969554,290.338193849227,1068.5240989989218,316.323553092171,1061.7607863192513,343.7327676360981,1054.9974736395814,369.00619922855043,1047.5222333094193,396.41541377247756
labeled-data,01046,img023.png,1013.0375356082508,298.0305394555572,1047.9219904823399,281.0683733241194,1067.1244427066092,282.6685776761418,1073.525260114699,307.31172469728733,1064.5641157433731,333.5550760704553,1055.6029713720477,358.8383048324097,1046.641827000722,385.40169707598216
labeled-data,01046,img024.png,1019.8695460404704,308.4116202600651,1043.9477229536571,283.3439292271586,1063.738005348057,277.0770064689319,1075.2823367447902,301.48502142202517,1069.0154139865638,325.23336029530515,1057.4710825898305,350.30105132821166,1046.2565892330038,376.6880945207449
labeled-data,01046,img025.png,1027.276131072484,317.18243828519525,1043.3696148413953,284.70808710864196,1059.1757149715763,273.78750883688065,1077.568267850332,290.4557598832531,1071.2458277982598,317.75720556265634,1059.4630986103068,342.18481485475394,1047.1056021448926,366.8998077855821
labeled-data,01046,img026.png,1036.7923046904473,324.45180742688456,1043.6111346639634,286.9482425725465,1055.8282050331795,273.3105826255145,1078.5576382782328,284.1070634169148,1074.2958695447855,311.3823833109789,1060.6582095977535,334.6800523871586,1046.7364317351582,360.81890061896996
labeled-data,01046,img028.png,1049.362873263918,330.551394530014,1043.3082225115718,299.60540179580056,1047.344656346469,280.09597159379643,1070.8905203833706,270.3412564927944,1080.981604970614,293.88712052969595,1067.8631950071979,317.43298456659744,1052.3901986400908,340.97884860349905
labeled-data,01046,img035.png,1016.9662267044095,356.6784861584229,1046.3283437024375,338.1912273078127,1057.5656971214357,322.2414353582666,1056.1157160351136,297.2292616192058,1049.2283058750822,270.7671067938225,1055.0282302203716,245.7549330547616,1084.027851946819,235.9675607220856
labeled-data,01046,img036.png,1009.3515106034915,357.2626587186062,1041.2249687172446,345.7085301523707,1052.380679057058,329.3733828690723,1057.958534226965,303.87461637806985,1048.794915019261,276.78217698137985,1049.5917514721048,250.08815581111168,1074.6920997366851,228.5735715843284
labeled-data,01046,img043.png,968.7208819217251,381.79437926528016,994.6441924244886,356.1911096329212,1012.5664811671398,344.0295565575507,1037.8497099290944,346.2698426503821,1063.7730204318577,344.3495974279552,1080.4151456928912,328.9876356485398,1085.535799619363,302.1042025345629
labeled-data,01046,img044.png,969.4318788411138,390.6392638918467,987.0667839450344,359.2883214848765,1002.7422551485195,343.2862779646522,1029.8477574378792,340.3471271139987,1056.9532597272387,346.87857344878415,1079.4867495822486,337.4079762633453,1090.916780668123,315.85420335855326
labeled-data,01046,img045.png,971.4981410778013,399.50687795165817,981.4063451676709,365.2298475867041,991.8501278569928,348.09133240422705,1013.8088504345415,336.5763925160003,1039.516623208257,343.2711250091554,1063.3498708838893,347.55575380477467,1086.647539960069,333.6307102190121
labeled-data,01046,img046.png,971.4919688610149,405.65767159405226,976.7236573751782,374.2675405090734,985.1524888702188,349.56234474774743,1004.0446973935857,335.0298766528498,1030.2031399644013,335.3205260147478,1048.2234004020745,345.2026043192782,1074.0911936109921,346.36520176687
labeled-data,01046,img049.png,953.2249830380454,423.3031576410354,970.0369259037831,392.91233784527867,976.1797511816487,374.1605554181096,981.0293500852268,349.2659477130748,995.5781467959616,328.25101913090265,1022.0892874688559,320.8149674787494,1049.5703479224655,331.48408506662145
labeled-data,01046,img051.png,926.5360204729636,424.1156695650827,955.3396988093675,412.59419823052116,972.9419466816142,397.2322364511058,981.5830501825354,372.2690485595558,985.4235406273892,344.4254928343654,998.2251754435688,320.10238668362445,1026.708812909568,309.22099708987184
labeled-data,01046,img054.png,898.7228849590772,406.3213971705932,929.5349830434276,416.59209653204334,950.6315547047847,422.1438259166109,977.0022692814808,411.8731265551608,992.8246980274986,386.3351713861497,991.7143521505851,358.57652446331156,988.9384874583013,328.8747722558747
labeled-data,01046,img059.png,860.4827974403036,438.36279327737066,884.4791532584757,415.10101978016297,902.3539897352774,404.0822849656962,932.4718648948199,406.0411711549347,957.4476638076113,419.01879215864005,985.8515135515703,424.6505899527009,1013.2759202009099,406.77575347589914
labeled-data,01046,img066.png,800.7143623771369,447.99163289974433,829.1261539334537,455.946934535513,852.9920588407597,455.6628166199498,875.1532562546868,440.3204491795388,887.0862087083398,415.8863084411064,900.1556328242455,389.4633422937319,927.9991885494359,369.290970288747
labeled-data,01046,img067.png,793.7572192303122,439.9800301965699,823.2271050928641,455.02848255191554,844.8592553536736,460.67165218517016,871.5075563995981,449.38531291866093,888.4370652993621,422.4235024486666,895.6477820529652,395.77520140274197,913.8313286490079,372.88901344565375
labeled-data,01046,img070.png,769.4946367270325,434.00140547956056,802.5633495200511,441.86200114347486,819.3687609394542,450.53576187606996,844.0347680227713,464.90167808943056,874.1218755639607,462.73323790628183,892.0115070749381,442.40411118926204,898.2457726014907,414.75649885411525
labeled-data,01046,img071.png,758.1116793350751,440.03366587569406,795.5249102165624,437.3420665317022,813.8277857557072,445.95518443247624,835.3605805076422,460.2206609556332,861.7382540787628,468.56461892200804,886.5009680434882,458.8748612836373,899.4206448946493,433.30466751571436
labeled-data,01046,img073.png,745.63063348812,456.88377559113553,775.7765461408292,437.74351358941544,796.1130745176567,429.13039568864144,823.1486945950865,439.6575397895875,842.049703321785,459.51556161637205,862.8647382486556,473.87075811766215,892.5321443513217,467.1716664170601
labeled-data,01059,img001.png,461.7608792109329,557.635283779641,432.36937070439836,535.1017939246311,416.3673271841741,523.9983351554959,393.1806926956857,509.9557255357072,367.38147967328314,496.2396882326577,344.5214175015341,483.17679556308684,318.069059845653,467.50132435960177
labeled-data,01059,img008.png,462.003146884106,557.4486150433929,432.3177232925061,536.0091424494597,415.1661452173595,522.8156208531931,393.0669965436129,509.29226121701976,368.98881963042635,496.0987396207532,344.2509666374264,482.90521802448654,317.2042473650799,467.40283014887325
labeled-data,01059,img014.png,456.50357109852155,560.58410117087,433.473691322068,533.060586316084,417.7459685479047,522.6690551974405,395.83949754103423,511.1541153092137,371.9670611873934,498.234914459008,347.81377264135676,484.47315703161513,321.69451874854974,467.62202548786865
labeled-data,01059,img016.png,452.3466875960413,561.5119584371896,433.92147748561155,533.874143271545,416.09062899164724,520.5010069010718,394.9907916071229,508.31659376352957,371.5135077567366,494.34909577659084,348.03622390635024,481.86750183081585,322.7758552065675,469.98026950150637
labeled-data,01059,img017.png,449.06897595890104,561.7184827702956,432.90364628030704,536.7357005397413,417.9139769419744,519.9825406910165,398.5155813276616,507.9320222033374,377.9415253730874,494.9997584604622,355.3100638230557,483.24315505784836,331.79685701782813,472.0743818253652
labeled-data,01059,img026.png,468.8847277282835,559.8290659745688,437.2725274679219,548.0463367866158,421.17904369901055,529.65378390786,409.3963145110576,512.4107655840264,400.48742171041033,490.85699267923445,387.55515796753497,470.1653706906341,363.1275486754374,457.23310694775887
labeled-data,01059,img029.png,483.9877405205867,528.6945756991333,456.78426653620534,551.1790797066324,437.3532136902186,555.6204632142865,413.75836380580614,547.0152826682066,398.2135215290167,524.5307786607076,395.1600703675045,497.04971820709784,386.83247629065306,464.29451483814887
labeled-data,01059,img030.png,483.3441154701411,519.7181477433844,463.74977646578475,543.7538702553949,444.6779531682112,556.5555050715743,416.7233628553294,556.0329893647914,398.4353131179302,540.3575181613064,395.56147673062463,511.61915428825057,395.0389610238418,478.70066476093183
labeled-data,01059,img031.png,486.0725683934808,512.4581838844169,465.16540867583257,538.9693245573112,449.2156167262865,554.7035787778093,422.4889383243444,562.8940124816303,398.99532585812113,551.6860505711384,395.7622599224023,523.8816835239568,398.34871267097736,491.9820996248646
labeled-data,01059,img035.png,514.6052570214543,518.1681048992132,482.50972973231865,514.6019352004203,463.9147020171845,520.9700953768361,447.61221196556,539.3103966849137,437.16842927623804,564.5283109835203,414.4977790481977,582.8686122915979,386.73260067902476,567.5850278681999
labeled-data,01059,img036.png,521.3973047992746,526.5045817430798,491.9078245977182,512.1811199308954,471.9673189376183,512.4619721232912,449.7799957383521,529.3131036670376,440.79272558168725,553.4663922130742,430.1203422706478,578.4622373362981,400.9117142614873,588.0112118777545
labeled-data,01059,img043.png,574.8337017821459,513.047497474895,547.0335927243742,531.4475696570172,523.833501712133,534.8475829950181,501.83341540742157,523.6475390580742,484.633347932829,507.6474762910112,463.63326555105897,495.24742764653746,436.0331572778755,498.6474409845383
labeled-data,01059,img044.png,579.603980456316,503.062306445048,556.1920110692774,530.4127379719621,537.8125210831912,539.8212864172206,510.8996964607078,535.4452173729143,491.42618921354494,519.0349584567658,474.1407164885353,501.09307537511023,447.00908841383654,489.71529585991397
labeled-data,01059,img046.png,587.9774416150535,487.76108711654615,569.6208116911389,516.3688220629064,556.9857287564965,533.0566674482832,535.053131964287,545.9301481741453,505.96860143548736,543.5461702619486,486.6583803466941,523.2823580082769,474.7384907857107,497.2969987653329
labeled-data,01059,img048.png,609.328449034105,486.22280087577747,579.4274877134573,500.7618004170099,565.1628089182858,517.7696866727912,551.1724508691753,538.0694218813044,530.3240741685403,554.5286666449636,502.0690373242584,552.8827421685978,480.94633987756225,527.6452335309868
labeled-data,01059,img052.png,646.2069871314359,510.5651094787428,617.677629541093,490.3568145189166,597.7665153894995,482.63011350486545,569.5343386073895,490.95117613538207,553.189394154589,513.5369175610701,546.9485971817014,542.6606367678785,537.7359921264865,569.7040903170576
labeled-data,01059,img053.png,654.4211887684692,512.3583833844215,627.5867415020032,496.09508201080575,608.3418348765578,484.1686610034875,580.1521124956237,482.27127584323233,556.8413805267745,499.61879730842253,546.5412896568179,526.4532445748885,546.2702346339242,555.4561320245033
labeled-data,01059,img058.png,695.0188205833523,470.8279206068348,678.3309751979754,497.57419334778126,660.9573279474461,511.9760325159832,632.1536496110423,513.1190356245708,609.2935874392931,499.8601995649562,589.4053333498714,481.8007504492744,563.3448624740774,468.77051501137737
labeled-data,01059,img059.png,695.4239433394366,461.7100215234742,683.8828776658706,493.70104567125344,671.5319126467914,509.4940829087646,639.3384136626339,517.5930763638986,613.4216346062052,506.0520106903327,596.2112735140455,488.841649598173,578.1910130763724,469.6065401422298
labeled-data,01059,img061.png,701.764116268308,447.58106618313974,691.8199892235973,480.4995557104584,684.9619705720726,498.6733051369989,668.5027258084132,519.2473610915732,639.0132456068569,525.7624788105215,616.3817840568254,512.0464415074722,597.5222327651322,487.7004752945594
labeled-data,01059,img064.png,720.0792290535956,433.84569579893923,699.4888444831844,461.08835846132934,689.3520397715973,479.46131700108083,683.9668622685667,505.7536542217596,669.7119806428976,528.5614648228304,642.4693179805074,537.431168945469,617.1273062015398,523.4930624670369
labeled-data,01059,img067.png,742.282616345122,424.2244834610203,711.5815528484629,445.9872626485254,697.5911947993525,458.8117575268767,685.9325630917605,483.29488411281994,681.6577314656433,510.4983580972013,671.5535839857303,536.9245899677433,641.6297626029108,548.971842732255
labeled-data,01059,img068.png,744.9581351616412,420.7268939487427,716.9774190634203,441.32380996548864,701.0439557297111,456.09141012843855,687.0535976806008,477.0769472021042,680.835660769885,503.89180012956587,674.6177238591692,530.7066530570276,651.3004604439852,553.246674358372
labeled-data,01059,img070.png,750.3395897402613,409.1340992202052,726.3528530757616,435.3349961921971,711.5917843591466,449.3580114729814,693.1404484633777,465.9642137791734,679.1174331825933,489.950950443673,672.8439789780318,517.6279542873264,665.4634446197242,550.471332181795
labeled-data,01059,img071.png,751.531781171196,404.08293988273556,730.1935459954519,432.53392011706103,716.7583608847983,445.9691052277147,698.9764982383449,463.35581537091355,681.589788095146,483.50859303689407,672.8964330235465,510.77411576145596,668.5497554877468,543.1766210283266
labeled-data,01062,img005.png,840.1268469259574,756.981949250408,838.8140262126655,717.5973278516517,837.9388124038041,696.5921964389818,837.063598594943,665.959713128838,835.3131709772204,640.1409057674311,834.4379571683592,612.1340638838711,834.0003502639286,584.1272220003111
labeled-data,01062,img019.png,822.0993921001465,751.3345994914991,842.6734480547207,722.5309211550954,847.6112214838184,702.3683463196127,842.2619669356291,676.4450358168492,834.8553067919825,652.9906120286346,829.0945711247018,625.0098959304137,827.8601277674272,595.7947364749183
labeled-data,01062,img021.png,807.4333395990867,733.0329643457234,839.9599423463183,725.9790023041551,856.0273003298905,715.0061724617156,856.0273003298905,687.1822110755295,841.9193762467539,663.6690042703018,828.2033389437045,638.1963635646387,819.1899430017006,609.9805153983655
labeled-data,01062,img022.png,803.3381260128994,714.3518521678969,837.5498419145056,726.0725326156694,855.6060253070199,721.9544557015872,864.1589542824215,697.2459942170938,848.953747215041,672.5375327326004,832.1646644114749,649.7297221315297,818.860108227517,620.9031837329541
labeled-data,01062,img023.png,806.950159527855,697.0484832799298,829.7285786204193,721.0417513907641,853.4181344766862,726.8122842275471,867.6926104413599,704.3375773895503,854.3292712403887,680.6480215332836,837.3213849846074,659.6918759681242,821.2246354925287,634.7874710935873
labeled-data,01062,img025.png,818.2126263580108,674.8539754896954,827.5134059387452,710.6038470031435,840.592627224153,728.6241074408166,866.1697710711728,724.8456657361431,868.2043166044587,699.8498206129193,851.0560042524794,680.3763133657565,831.8731463672144,658.57761122341
labeled-data,01062,img026.png,821.3039305167562,668.4485860691714,828.5962903495441,704.6589245492219,834.8828074467751,724.7757792603611,860.5317972034776,732.8225211448167,871.8475279784934,709.9395989108959,857.2628083129175,686.8052159930858,835.3857288145537,665.1795971786112
labeled-data,01062,img034.png,771.7977716622206,661.4655555347988,803.8018587026693,655.5872538334918,822.7430530735471,660.485838584581,840.7045304942071,682.0396114893729,841.0311028109465,711.1045476791681,834.499656476161,737.5569053350494,840.7045304942071,769.560992375498
labeled-data,01062,img036.png,755.9335253310444,662.2277753220683,792.2646955682884,657.577385531701,811.4475534535533,654.6708919127215,839.9311909195527,663.9716714934559,851.5571653954707,692.7459583213532,844.000281986124,719.7763489778629,830.3397619769203,744.7721941010868
labeled-data,01062,img039.png,741.7453330381761,633.6355852179847,767.6621120946048,655.7902511855771,791.279822041189,666.8675841693731,818.4506387938966,659.9703768398397,842.486361305907,663.7324899286762,860.0428890538103,683.1700742209977,862.759970729081,708.2508281465738
labeled-data,01062,img041.png,746.337828088232,609.1623864304703,749.4729223289289,644.9547123450945,761.4907835849342,664.5490513494509,783.175185416422,674.476849778325,810.8685178759123,668.7291770037137,836.994303215054,664.0265356426683,864.9488935279358,677.3506861656305
labeled-data,01062,img044.png,753.4108292958662,588.8444938011463,747.1798294924808,623.1149927197656,741.6411630005828,641.8079921299216,748.2183294597118,669.8474912451554,769.3344954600732,686.4634907208497,798.412494542538,685.0788240978752,826.1058270020281,668.1166579664374
labeled-data,01062,img051.png,679.8418228326915,571.1241573791667,715.3728908939244,571.3854152325582,734.4447141914978,574.5205094732552,756.9128895831598,591.7635277970887,762.1380466509881,617.6280552828392,754.3003110492456,645.060129888938,740.1923869661091,670.4021416679055
labeled-data,01062,img053.png,668.3014984782845,560.5662050079127,699.770006919281,571.5325034040175,717.8882390519758,574.3932768986535,748.1647585368737,576.3004592284109,765.3293995046898,595.3722825259845,767.7133774168867,620.4040506040496,755.5550900646836,648.2965921767509
labeled-data,01062,img060.png,637.7272789351704,498.39898439093787,656.9558569447788,522.1342603715482,667.1710390123833,542.5646245067571,672.8795231089857,568.1025796757682,686.3996170219916,590.0351764679777,710.4353395340021,603.2548238495835,742.2826718624159,595.14276750178
labeled-data,01062,img061.png,625.0797764553224,499.2871304635421,650.3564737709421,513.3950545466787,666.2278883644708,531.3238747356647,673.2818504060391,556.6005720512844,681.805387872934,583.9346749623616,700.6159533171162,605.684391257197,732.3587825041735,608.3296270227852
labeled-data,01062,img062.png,611.6472235175415,503.38117165511227,643.1483891902117,507.18900486829216,663.5722218790859,517.2278378848574,676.7265547973437,543.8826703771168,680.18822135478,573.3068361153253,690.2270543713453,601.0001685748156,715.8433868963738,614.5006681488171
labeled-data,01062,img063.png,602.1964982575762,510.0100671692127,634.292025546712,503.76927019632524,654.5003205065382,507.92980151158355,676.194519507528,525.7606500055479,682.4353164804155,551.9125611300287,681.8409548639501,577.1729298298116,689.2704750697685,605.9994682283871
labeled-data,01062,img065.png,586.1668528451411,514.4138295459784,618.6412040216943,507.22923857771445,640.1949769264863,502.6311003580255,669.7954917157341,506.6544713002533,686.1763591233758,527.0587096501231,688.1880445944898,555.797073523179,680.4286863487647,588.5588083384629
labeled-data,01062,img066.png,577.3146497329566,510.76549425229405,611.9966297706673,509.58983391203265,633.5504026754593,504.88719255098715,661.7662508417325,502.14398509037727,684.1037973066987,516.4478525635575,692.7253064686155,542.7042668293949,686.8470047673086,573.6633224562779
labeled-data,01062,img067.png,570.565928304398,502.55285363093464,603.7979272557864,511.54012378759944,626.579612071518,511.54012378759944,653.1234099760861,502.97086619636093,680.2942267287935,508.19602326418936,694.5066539532868,527.4246012737975,694.5066539532867,558.3575311153415
labeled-data,01062,img068.png,564.6903598098802,488.4579306068583,593.9988860000141,512.5327914058969,616.6083204895459,517.3477635657046,642.7766474450226,509.60193878688347,668.3169345535679,502.27480723935,690.9263690430997,512.323444790253,702.0217396722219,538.0730785144422
labeled-data,01062,img070.png,561.3950197797013,468.4578147647055,576.6567618933776,501.3457942491064,589.3390546357283,517.0374445913369,616.8531812632009,525.635609162422,643.9373996621192,517.4673528198912,666.0776734326637,505.85983064892616,695.0964788600762,506.9346012203118
labeled-data,01062,img071.png,559.3079028577502,460.2481532048227,571.3094354979185,494.7831757000008,580.6167465249877,513.1528685165848,600.9458732420073,527.3587642947432,631.5620279363142,527.3587642947432,655.8100224542051,513.8876562292483,680.7928046847594,498.9469727384265
labeled-data,01062,img074.png,530.3990780325257,451.17296978049154,558.9480299618729,472.43282760021816,569.8816711263038,487.6184403285944,580.5116000361671,513.4339819668339,597.2157740373809,534.9975520411281,623.0313156756204,544.4126319327213,646.7208715318874,533.4789907682905
labeled-data,01066,img000.png,512.1456776179325,100.21366934532372,487.06492369235633,132.8186494485727,476.19659699127334,149.53915206562348,460.31211950507515,172.111830598642,444.0096294534506,195.52053426251305,425.61707657469486,221.01930075351544,408.896573957644,245.68204211366532
labeled-data,01066,img009.png,512.095156880533,99.20051138987188,488.38600668526175,131.53117074705983,475.8129724907998,149.85187771613303,459.64764281220585,171.7648801693382,442.4046244883722,195.83325991302257,425.88006526136496,219.54241010829378,408.9962764859446,243.61078985197815
labeled-data,01066,img012.png,512.7025291380972,100.267227205269,487.01435070338607,131.9120846973045,475.8455774709029,150.15441431036027,460.20929494542656,170.63049856991265,443.45613509670187,194.08492235812722,426.7029752479772,218.65622346959006,409.57752295816977,243.5998170221357
labeled-data,01066,img018.png,515.9555355794762,108.39508965320263,489.38234616640165,130.59547574513837,472.56387185432914,147.07758057096947,459.10909240467106,166.25064128673216,445.9906824412544,189.46013583739227,433.5450114503208,213.00599987429385,419.4174930281799,235.8791249387125
labeled-data,01066,img019.png,519.8208193946169,115.96660350233944,487.07214747200265,131.27304798790914,470.3418476854497,143.01985422102078,455.03540319988,165.80153903675244,443.64456079201415,191.43093445445052,431.18582690841095,218.4841851731319,418.015165374316,244.46954441607582
labeled-data,01066,img026.png,473.1868836601421,182.65097240445186,489.0582982536707,148.26290745180643,486.94210964120026,127.10102132710156,462.60594059778964,118.90079045377843,449.3797617698491,141.12077088471852,449.6442853464079,168.63122284683487,452.02499753543725,201.43214634012742
labeled-data,01066,img029.png,453.3613151269185,191.54301407355547,476.8745219321461,159.80018488649813,486.8676348243679,140.6957043572507,482.1649934633223,116.300752296827,457.4761263178333,115.12509195656563,447.18909834054625,139.22612893192394,449.2465039360036,166.85414692806643
labeled-data,01066,img031.png,454.7448289496148,202.22571706980386,469.8226728134671,167.3086049640408,479.08099799302545,147.46933672212998,489.3974174788191,119.95888476001366,474.3195736149669,101.70675797745568,451.0414988777915,113.0812717694846,444.4284094638212,142.1788651909538
labeled-data,01066,img035.png,483.95803550265623,224.9582854090979,463.53420281378214,196.44199071142458,457.36851747374465,176.78886869005515,467.7731114850579,150.19935066114357,490.509076176446,130.54622863977414,500.5283148540069,104.72742127836725,478.9484161638758,83.53287792198844
labeled-data,01066,img037.png,504.7602773321056,218.809973716311,470.83594506923,212.57897391292565,452.83527897056126,199.77080765041137,450.4121123803559,172.07747519092104,468.4127784790246,149.23047591184152,495.067610971284,130.53747650168555,505.1064439878493,101.45947741922069
labeled-data,01066,img038.png,509.8040985896181,212.22144254055948,472.41809976930614,217.76010903245754,453.3789337034065,208.41360932737956,445.76326727704674,180.027943556402,463.4177667199718,153.37311106414253,489.72643255648757,136.7571115884483,507.03476534366905,112.52544568639428
labeled-data,01066,img039.png,513.0369261275458,205.4930077843169,478.9460419831331,217.17449955408068,457.96703635580224,216.69770397164132,441.9943843440843,195.48030055309079,448.43112470701544,167.8261567716092,470.1253237080054,151.1383113862323,494.91869399485097,136.5960461218325
labeled-data,01066,img040.png,518.0411113029757,202.3922689513409,483.751018045352,216.65694774651232,461.2567168683509,220.22311744530518,441.2313024058987,206.50708014225575,439.3110571834718,179.62364702827884,457.96486791561904,158.5009495815827,485.67126326777895,144.78491227853323
labeled-data,01066,img041.png,524.2476508398372,200.95430572627447,490.9078830239248,214.2360018480607,467.5971510550755,221.01237742040058,441.30481383439667,211.79650664201833,433.9863282162696,185.5041694213395,449.97857456699177,164.09082261274537,477.62618690213856,148.911741330704
labeled-data,01066,img047.png,546.3821150439159,265.6375701003353,537.8128574526773,229.4860146372979,526.2979175644506,211.00855295618985,499.7867768915564,204.04603116330856,471.9366897200313,214.7576031523567,442.21207745042267,223.3268607435952,416.5043046767072,213.15086735399947
labeled-data,01066,img048.png,544.0358137799014,274.3425511464107,541.8314506419114,236.37851932547028,535.218361227941,215.55953413334163,509.5007912847234,200.37392140496547,481.33392896596115,205.27250615605453,457.0859344480702,220.2131896468763,429.1640013668623,224.62191592285646
labeled-data,01066,img051.png,559.603663076405,298.0675074418121,546.5538332995037,262.79769723397067,545.8484370953469,244.8100940279715,544.7903427891118,221.17932118871778,531.7405130122104,200.01743506401291,509.87323068334865,187.6730014912684,478.48309959836973,193.316171124523
labeled-data,01066,img054.png,604.4627762410969,303.8936882013674,570.3098433565037,295.66406581953777,551.793192997387,280.43926441315284,538.2143160673681,254.92743502948088,536.5683915910022,226.123756693077,531.2191370428129,194.02822940394128,507.7647132545983,173.8656545684586
labeled-data,01066,img055.png,614.3271837175686,299.8687497120192,579.0867650182337,298.444894411036,560.9326099306975,291.3256179061199,542.4224910179154,272.8154989933379,531.0316486100497,246.83013975039398,532.8114677362787,217.99706990548358,528.1839380080833,182.75665120614866
labeled-data,01066,img056.png,622.7851781204942,299.32964413154593,588.1391210376247,299.329644131546,568.2933213493791,296.3023187553729,543.7383488537532,281.50206136074905,529.2744609453707,257.9561973238475,527.5926135141635,229.3647909933242,534.656372725234,200.4370151765594
labeled-data,01066,img057.png,632.6105177507142,303.8665173846146,596.2434245586287,299.6047486511671,576.355170469207,297.61592324222494,550.2163222373956,290.2288574375826,531.4645398102266,271.1929570948504,525.2139456678369,246.75881635641798,529.1915964857212,218.63114271566442
labeled-data,01066,img060.png,644.41216787974,345.323774086572,629.7448206211953,311.5142956600961,616.8176671051898,295.1067546590122,591.211959179256,287.64878147670134,564.6118548290139,290.88056985570273,538.0117504787718,286.6543850523933,519.6154166290717,269.5010467330783
labeled-data,01066,img062.png,634.9815503362753,365.97090548784894,640.683502986543,327.6411126721605,639.7331775448317,308.0010535434606,626.7453965081108,288.04421926752366,599.8195089929578,279.80806543935915,572.2600711833305,287.09389382581236,541.8496570485695,293.1126216233172
labeled-data,01066,img067.png,661.1712981293736,409.9744351056387,643.363309697581,376.964505329633,637.716874341159,357.41915217278756,641.1916037912649,328.7526342094142,649.4440862352662,303.12650451488355,645.5350156038971,272.72262182645727,619.4745447281032,257.5206804822441
labeled-data,01066,img071.png,698.2188863864644,428.543206406507,670.6267913451634,407.9462903897611,651.972980613016,394.7331744544901,630.9874435393504,376.07936372234286,621.2719171163571,348.8758897379614,629.4329593116717,320.5065525828208,646.9209068730595,297.1892891676368
labeled-data,01072,img003.png,794.2350173897639,766.7382318985304,798.3204370721724,724.9761640339123,800.1361791532427,703.187259061068,804.221598835651,674.5893212842099,806.9452119572566,644.1756414262815,810.1227605991296,615.5777036494231,814.2081802815379,581.9864751496217
labeled-data,01072,img006.png,792.8003231535882,766.2394906564062,797.4703072829599,723.7426350791247,800.2722977605829,702.7277064969525,803.541286651143,675.1748001336601,806.8102755417032,646.6878969444932,809.6122660193261,617.7339953423894,813.3482533228233,581.7751175462281
labeled-data,01072,img020.png,773.7594883031501,754.6408176261675,800.5122924904313,726.2159631771813,811.3806191915144,706.5693726021466,811.3806191915144,677.3084930223077,808.4545312335304,648.8836385733214,805.1104307101202,623.8028846477453,803.0203678829889,596.2140553296115
labeled-data,01072,img021.png,765.0341160816175,743.0054378675272,800.5488555270135,725.8603912387155,816.0610405721288,709.1235600058278,815.2446097802807,681.7731284789137,809.9378096332675,656.0555585356959,804.2227940903302,629.1133424047059,798.507778547393,602.1711262737158
labeled-data,01072,img022.png,759.6640523454055,728.7061424067816,800.0283906943796,727.0242949755743,817.8559734651765,714.5786239846407,821.219668327591,689.6872820027733,812.8104311715547,661.7686146447329,804.0648245292771,635.5317947178999,793.9737399420335,604.5858019836862
labeled-data,01072,img023.png,761.1512528786668,712.7554360547484,798.6417548403352,726.6837453636783,817.4784460698565,722.9836810150224,825.8876832258927,697.4196000606721,815.7965986386492,668.1554547576659,804.36003610644,641.9186348308326,792.5871040879891,612.6544895278264
labeled-data,01072,img028.png,803.2392758383454,664.3350811675234,792.1358170692101,700.9764951056698,792.4134035384386,720.1299614824281,816.8410128305363,733.1765255361622,832.9410280457823,710.4144350594349,821.8375692766471,685.4316528288804,802.1289299614319,656.5626600291287
labeled-data,01072,img033.png,777.131484633856,638.0433970914779,798.3260279902347,672.170204190732,801.9183234743667,690.8501407082184,798.6852575386479,719.5885045812743,802.9960121196063,748.3268684543305,831.0159168958359,750.4822457448096,845.7443283807771,722.8215705169932
labeled-data,01072,img037.png,743.2074658804045,647.2536508260125,781.9324111993474,642.4530377699451,798.2544955899763,651.0941412708663,812.0162530173692,677.9775743848433,805.2953947388751,706.141170980438,794.0939642747179,732.384522353606,799.2146182011898,766.3088546164817
labeled-data,01072,img038.png,739.8994058778699,654.8407095174258,777.520536766234,639.1652383139407,796.3311022104162,643.2408608268469,812.6335922620407,664.8730110876562,811.6930639898316,693.4023686779991,799.7797058751829,719.737160299854,791.3149514253009,750.7745932827545
labeled-data,01072,img040.png,734.126871152785,666.6067182027617,763.6751343713545,642.4077095323817,782.2701620864887,632.9828324712862,809.780614048605,641.1340774970985,820.9885759590968,666.3519917957051,811.0542460838882,694.881349386048,796.0253880675468,718.8256316493714
labeled-data,01072,img048.png,698.3864898308614,603.2933593829589,709.267879424614,642.1554650749323,718.1506464399222,660.8092758070795,739.9134256274273,673.2451496285111,766.7837958487346,662.3637600347585,783.4389840024376,640.823050022636,805.4238323653253,617.0616482566866
labeled-data,01072,img050.png,689.049816686794,592.3475697283453,704.3334011101919,630.4389647528141,708.3306462670805,652.541379149728,725.2601551668445,675.3491897507988,756.0624560816926,680.0518311118443,775.108153593927,662.4169260079235,788.5106814729068,637.4929267943824
labeled-data,01072,img051.png,677.7970621173382,587.1943891991261,702.5022578786642,623.8358031372725,706.9436413863183,641.3237506986605,716.6591678093117,668.5272246830419,740.2540176937241,684.3496534290597,769.1230104934757,676.577232290665,785.5006121779504,653.8151418139378
labeled-data,01072,img052.png,665.0278265407026,586.4460160780866,695.0953397428874,610.7429964434884,704.2067073799132,628.3583072084048,712.1032259986687,654.7812733557794,727.89626323618,679.9893904848838,753.1043803652844,689.1007581219095,782.5644690583342,676.0411311755059
labeled-data,01072,img053.png,651.3468435101319,589.7139599372331,689.2031064665484,603.4299972402824,702.3705022774759,619.3406005118198,712.7946906277934,647.5956373561016,721.8472752478061,673.9304289779566,743.7929349326852,692.5842397101039,775.6141414757599,689.566711503433
labeled-data,01072,img055.png,631.2006364791641,606.5828570150102,664.9420882446659,590.9465744895338,686.064785691362,594.2384234422656,708.5590868683631,613.7151964125958,716.2400677580708,640.5986295265727,720.3548789489857,671.8711945775254,739.008689681133,698.4803069454415
labeled-data,01072,img058.png,615.0276780712512,623.7644797432968,644.4747038716314,598.4910481508446,660.4734816686884,586.4339982168306,689.6886411241836,579.2461415253993,711.7159438882476,593.621854908262,720.7587313387581,622.1414153291026,719.3675332694488,653.6752382334467
labeled-data,01072,img060.png,593.2836183965645,614.1582617261912,624.1248608798048,610.0460960617592,642.8165229908595,601.0740982484529,665.2465175241254,583.8777691062825,691.6017611007126,574.5319380507551,714.5925054973098,587.8030181496041,725.0598362795006,615.4666780739651
labeled-data,01072,img061.png,580.6019487096175,602.5031630445994,615.891806775289,611.7667507868382,636.8451600017814,609.7816962706441,658.901321292826,593.0190136894503,682.2808522613333,574.0507149791518,709.1893690364077,576.2563311082564,727.0548596821538,598.5330540122113
labeled-data,01072,img063.png,571.4554953832746,579.3584118133151,597.5677473524182,608.7940413058042,617.9827807101123,619.9510944198928,645.2819532233077,613.5417234820121,660.2371520783627,594.0762265595597,677.3288079127111,574.3733455282968,706.052285078769,567.4892063727954
labeled-data,01072,img068.png,538.8683326489323,549.9479020725253,571.0683630794247,575.208270772308,580.5063030331896,593.2513912721528,591.6097618023249,620.4548652565342,612.7063334636819,638.2203992871506,642.1304992018903,636.2772940025519,663.7822438017041,617.6790005642504
labeled-data,01072,img069.png,524.4149701663184,553.6876776148969,559.7631577301773,563.1713376930053,573.8449560279747,577.2531359908028,587.6393706870416,603.1176634765532,600.5716344299168,630.9938764334174,624.7118600832838,645.3630583699454,654.3123748725314,639.3280019566037
labeled-data,01072,img070.png,511.78686608208466,561.0260188298817,548.5719718395964,559.0143333587677,569.2635938281967,567.6358425206845,586.2192285132996,590.3391499803987,594.8407376752165,617.0658283823408,607.4856177793611,640.3439031195161,636.2239816524171,652.4140159461996
labeled-data,01072,img071.png,503.6846036380602,569.3880989433808,542.6316181323858,555.727578934177,562.1051253795487,558.0527738293606,585.9383730551808,576.0730342670338,592.3326590169357,602.2314768378494,599.3082437024866,631.5870623895427,619.6536990353434,653.3857645318892
labeled-data,01078,img000.png,1037.6182583310515,452.8625243183739,1029.4539504125696,419.79707724852256,1024.5553656614804,403.06024601563485,1018.023919326695,380.60839923980984,1010.6760422000614,356.9319062762126,1004.5528112612001,331.62255172891895,998.0213649264145,307.9460587653217
labeled-data,01078,img009.png,1037.8614795953895,452.8625243183739,1029.6971716769076,420.2052926444467,1023.9821561339704,402.65203061971073,1017.0424944032608,379.7919684479617,1010.9192634643995,357.3401216721366,1004.3878171296141,334.48005950038754,997.0399400029803,308.3542741612457
labeled-data,01078,img013.png,1038.8075726598756,452.1633983026985,1030.0195116164218,419.3036917923929,1023.1418986258927,400.58130087373036,1017.0284648565336,379.5663722915581,1010.5329414765894,357.02308526704627,1004.8015973178151,334.09770863194916,1000.2165219907957,310.0260631650974
labeled-data,01078,img020.png,1008.9242233842697,445.9820374914575,1033.3844899080411,419.7746090731308,1040.0237051073507,402.6524225064908,1027.4441394665541,380.6381826350964,1014.165709067935,362.81713131063424,1002.2850081849602,343.2489180916171,993.5491987121849,320.88524584131164
labeled-data,01078,img026.png,1005.9974398272512,381.53403581437567,1017.8128262468782,415.01096400331846,1035.5359058763186,423.54429863971563,1050.8521475313905,415.22976745553376,1052.602575149113,392.4742084251412,1031.3786402842277,378.0331805789307,1006.6538501838972,362.0605285672128
labeled-data,01078,img027.png,1009.940604608488,376.93485256327307,1016.6222742089735,410.545675402079,1032.617786282863,422.4916907484016,1051.8528957388062,415.202596638781,1054.080118938968,393.33531430991934,1034.4400598102682,379.7695002725699,1012.3703026450282,367.621010089869
labeled-data,01078,img028.png,1008.4995422121356,371.70825857725106,1016.1576630396715,403.6535626006867,1028.6294598159443,422.03305258677295,1049.6345912286145,420.06382151683516,1060.57476383938,404.52877640954796,1046.7901463498154,386.5868933278923,1024.909801128284,374.1150965516195
labeled-data,01078,img031.png,992.9177907321084,364.48918157233936,1018.0475305051955,389.88344492198524,1026.5122849550773,407.60652455142554,1040.5320345126943,429.03293425268924,1062.4874913670756,429.29745782924806,1070.9522458169577,409.9872367404548,1056.1389255296642,385.91559127360307
labeled-data,01078,img036.png,949.0913580159631,374.210586297034,989.5634652294613,371.0363033783283,1009.6672570479309,374.73963345015164,1030.564619596077,391.40461877335673,1031.3581903257534,415.4762642402085,1034.532473244459,442.4576690492072,1060.1912601706638,451.45147065220675
labeled-data,01078,img039.png,923.2531816504505,363.1209741941286,960.9526898948321,371.7816720340541,982.0949816805327,372.03639844111075,1009.0959808285357,367.19659670703476,1036.096979976539,377.64037939635665,1046.0313098517472,404.1319257302465,1038.644244047105,433.68018894881584
labeled-data,01078,img041.png,917.9951725898082,342.15073983213966,941.8158267841364,368.1770101555723,958.3579477524199,378.76396757527374,984.6047796887631,373.2499272525126,1010.8516116251061,366.41251725228875,1036.436758722718,371.2648727363186,1052.758318078091,395.52665015646767
labeled-data,01078,img044.png,919.6154338312748,314.59912063086085,922.5545846819282,352.5631524518013,928.922744858344,370.6879160308309,950.2315885255814,386.8532457094249,980.8477432198883,386.85324570942487,1006.8102424006605,375.34157154436554,1037.1814678574128,364.0748266168606
labeled-data,01078,img048.png,874.6395318746704,301.8647597119296,907.923782396737,317.4879793447364,923.5470020295438,333.7904693963609,931.6982470553561,360.6216509396595,940.1891272905772,390.16991415822895,962.265415902152,408.17058025689767,993.8514903771744,405.4534985816269
labeled-data,01078,img049.png,861.5515617168971,305.60571091464135,900.9067916071469,310.3148837220217,919.4071133504267,321.41507676798955,932.8618928000848,347.9882661810642,936.5619571487407,375.5705640528631,947.3257807084672,402.81649243842065,976.9262954977148,417.28038034680304
labeled-data,01078,img050.png,853.0137889627156,310.0924226598589,891.693014157315,306.7156649047748,909.8047148436751,311.01335659306363,933.1350411515288,331.887859079038,937.7397108175523,362.89263483026446,939.581578683962,391.74856473734667,958.6142133035268,417.22773688934467
labeled-data,01078,img051.png,844.2287389160219,313.7000017284143,882.447497144019,306.3815161102872,899.7950186092093,305.0262409958192,927.7136859672497,315.868441911563,940.9953820890358,339.9923389490932,940.7243270661421,367.09784123845276,939.3690519516742,400.1665540314715
labeled-data,01078,img052.png,834.0941483647424,315.0122999259993,871.8197823944632,307.3182561436221,891.4271842914891,303.8435266935162,923.4443342246075,307.81464606506574,944.7891008466863,330.6485824514757,944.5409058859645,361.6729525417066,936.1022772214217,392.69732263193754
labeled-data,01078,img059.png,797.4116777549357,252.69995057146565,816.2222431991179,285.38330803073205,825.8626579892612,302.3128169304959,843.4975630931818,323.00443891909623,873.8295998719254,329.58813682455997,903.4562404465123,315.71534480947565,926.0289189795308,292.202138004248
labeled-data,01078,img063.png,753.5486036248521,257.809631668095,794.1480740418785,257.535310922034,812.5275640279648,263.8446880814368,829.2611295376851,288.8078759729868,835.2961859510268,315.6913090869637,851.4811099686252,338.73425175608673,883.5766372577609,344.76930816942854
labeled-data,01078,img065.png,738.7170018192677,264.5517824616406,775.5804849327967,252.89641647721595,796.4517216956037,250.72797629406716,820.8466737560274,263.4675623700662,834.9415349464944,289.21778954495784,839.2784153127918,316.8654018801046,847.6811210224934,342.8866840778899
labeled-data,01078,img066.png,729.5493037233275,263.61621808864595,767.4545525272548,254.0803064398592,784.8575912862907,250.50433957156417,815.1341107711887,254.55710202229858,833.4907406951032,275.29770985840975,840.1658788492539,304.62063817842903,839.9274810580341,337.51953336674336
labeled-data,01078,img068.png,716.1348755491258,255.17406244308233,752.8644640127918,255.85006713873264,772.6939350852003,252.92071345758137,803.5648161865639,246.8366711967287,831.9570134038762,258.7794208198839,844.3504328241315,287.1716180371963,840.9704093458802,319.1691736313102
labeled-data,01078,img070.png,704.2684774579707,240.35523769217514,737.6798234814811,256.47679626295985,758.007006027253,258.11231669767716,785.5772076410589,249.70106874770252,816.8857416770758,246.19638210187975,842.820422856164,259.98148290878265,849.1288588186451,291.75730849757576
labeled-data,01078,img072.png,695.928257824018,228.9702335280882,724.601267502376,251.90864127077458,744.6723742772267,259.18717449681935,770.6986446006593,256.98155836771485,797.3865997628233,248.82077869002833,823.412870086256,243.74786159308812,849.8802636355096,258.0843664322671
labeled-data,01078,img074.png,686.5575045523427,221.1047073451079,713.675367943061,245.4412514137012,730.5950604859877,256.7983053123781,757.2493706563519,261.4338375159197,785.7578937081327,255.8711988716698,813.8028635395593,244.28236836281584,845.3244825236419,241.03749582033672
labeled-data,01088,img000.png,1071.5116543983627,497.26512530721936,1078.0267721173109,537.6588551646998,1082.3701839299433,558.0728906840718,1086.2792545613124,588.9111145537613,1089.7539840114182,620.1836796047141,1094.5317370053137,648.8501975680874,1098.8751488179462,679.2540802565137
labeled-data,01088,img007.png,1071.4306579323652,496.57226948002517,1078.6413746859682,538.4845606103434,1082.2467330627699,559.2153712769524,1086.3027612366716,589.8609174797658,1090.3587894105733,619.6051240883787,1093.964147787375,647.5466515085909,1098.921515555477,678.6428675085044
labeled-data,01088,img010.png,1071.6371038881148,497.55224768809643,1077.6231744539455,538.5338077157078,1081.7673771533669,559.2548212128146,1085.4511128861857,590.566574941776,1089.5953155856073,620.036460804328,1093.7395182850287,648.5854127336753,1098.3441879510524,678.0552985962272
labeled-data,01088,img013.png,1072.2088797631545,497.631800704454,1078.74032609794,537.6369095050148,1081.1896184734844,558.8641100930676,1086.4964186204977,591.5213417669949,1089.7621417878904,620.0964194816812,1093.8442957471314,646.2222048208229,1098.7428804982205,674.7972825355093
labeled-data,01088,img014.png,1072.0508252932987,497.3360568144149,1078.5169571647366,536.9949989592321,1081.5344853714075,557.2555454897366,1086.2763154104618,587.8619030145413,1090.1559945333242,616.7439587069625,1093.604598198091,645.6260143993838,1098.3464282371453,676.2323719241884
labeled-data,01088,img025.png,1054.066948277434,577.0741743612296,1071.7410420593635,538.24472590093,1085.1305070456738,523.784103715715,1113.516172816651,533.156729206132,1110.570490519663,562.0779735765622,1096.3776576341745,586.7145891513729,1081.3814568495068,611.3512047261836
labeled-data,01088,img026.png,1054.2453384054527,582.8806301528539,1071.403447926934,542.5228232502145,1082.0366425599648,528.0230123869908,1110.7946007720252,525.6063772431202,1118.0445062036372,552.672690854471,1102.5780412828651,578.0473598651126,1084.4532777038353,603.9053559045282
labeled-data,01088,img028.png,1041.2985585230986,587.2283527200672,1068.8808563948974,554.9368820408879,1079.3083104683824,537.4456687563325,1105.2087609089742,518.2726080405697,1130.1001028908415,533.0728654351933,1120.6817572760808,562.0006412519583,1100.4995881015939,585.5465052888599
labeled-data,01088,img031.png,1011.4011666378726,582.3339480946323,1052.7942077845755,572.2918493548997,1069.9392544133873,560.045387477177,1086.3495133295357,538.0017560972761,1100.0655506325854,514.978407767157,1125.5381913382485,506.4058844527515,1144.1528133923869,528.9393743077613
labeled-data,01088,img032.png,1000.5411969223751,576.3316795418912,1043.3352333078894,577.1546417800741,1063.9092892624635,569.1993401443054,1082.5630999946109,549.4482464279142,1094.6332128212944,524.2107377903034,1111.6410990770758,504.1853233278511,1139.8961359213574,508.3001345187659
labeled-data,01088,img034.png,986.9061756796623,567.485749883911,1025.5854008742617,577.6356174881677,1049.7256265276287,578.7329004724115,1078.2549841179716,566.1141461536062,1092.793983659204,542.522561992361,1099.1033608186067,515.3648081323232,1122.4206242337907,492.5961862092612
labeled-data,01088,img039.png,953.9404849401736,598.6263877116858,986.7181836181193,573.5047938344281,1004.1836726946889,562.9776497334822,1031.45854604714,565.1309292086756,1055.3838735492902,578.7683658849012,1083.3765067268057,586.4244706855893,1110.4121268042354,569.4374881590627
labeled-data,01088,img042.png,937.8970370311414,615.4946236520449,968.3009197195677,587.3767471807935,980.6453532923123,571.6033042822866,1005.5628210595189,554.9154588969097,1035.966703747945,554.9154588969097,1060.198369649999,570.0030999302642,1080.5438249828558,592.6345614802957
labeled-data,01088,img043.png,923.5983881835828,616.0642964013648,963.0777155541934,594.4386775868902,977.4109745358802,579.0995758696465,995.0132224081269,558.7312604746181,1024.182661739279,548.9242938029378,1052.597719018763,557.2224963712828,1073.9718771493483,579.602497237425
labeled-data,01088,img044.png,911.6998207908049,608.66945514728,952.5878316587372,602.1273734084109,970.8122022170156,589.7441472598371,989.2702185516822,567.5477985029595,1012.4011504141124,549.323427944681,1043.7096844501293,547.921553286352,1066.139678983395,562.4075914224195
labeled-data,01088,img046.png,896.9320701429438,585.3052336612528,932.8713536001007,607.5644027702017,951.6525275357762,610.81053159859,977.8534245077681,595.7392191810726,995.2434003741345,572.5525846925843,1014.2564406546949,549.134083859211,1046.7177289385786,540.5550290984704
labeled-data,01088,img047.png,893.6187529753778,575.9223484896561,923.8992455952865,605.5299412735668,939.6002417685726,613.8290392508751,971.0022341151446,608.2215406175587,991.4135291404164,586.6887458656236,1005.3201257510411,561.567151988366,1027.7501202843068,539.8100572910982
labeled-data,01088,img050.png,871.4375066376579,563.3422003291233,903.7681659948457,587.3452656094598,918.953778723222,601.5511613876182,940.7524808655684,620.4107126793111,973.3280694603108,626.0440851430636,995.6166300777661,607.1845338513706,1004.6790118672809,573.6292283064104
labeled-data,01088,img054.png,830.3729678500863,587.6391806945251,869.1697590787119,574.4195333129194,888.4244628736593,570.9709296481526,916.3006758305236,578.7302878938777,935.8427632642017,600.8588280761309,947.0507251746935,627.585506478073,972.6278690217134,644.8285248019065
labeled-data,01088,img059.png,792.3485737684904,551.6661162625999,824.1243993572834,579.703609429182,841.8814783627855,588.3485031555449,872.4890750696376,584.1428791805577,897.9564646959499,570.1241325972666,926.6948951916966,564.2829881875617,951.6949932652324,579.0026721000174
labeled-data,01088,img060.png,788.4974683182096,540.5790198092388,814.432149497298,574.605321516203,829.370525856453,587.4689233810309,856.1351168332724,592.448382167416,884.5595274055535,581.8670322463478,908.0044791914495,565.0613588422984,943.2756455950098,564.4389264940003
labeled-data,01088,img061.png,782.277506223054,532.4120220386235,806.9505002096463,567.9822550359607,819.2869972029425,581.1411851621433,844.1655994727564,595.9449815540986,876.4460999385481,591.2159910400019,900.0910525090324,573.1224621165009,931.1379032754943,556.8794077419942
labeled-data,01088,img065.png,738.2017066264082,537.2464596431214,781.7044049392467,539.2581451142353,800.5639562309397,545.5446622114663,820.4293502581895,566.4158989742732,833.5053058204301,590.8075853115295,858.9028348932433,606.9010690804408,892.5985665344015,601.871855402656
labeled-data,01088,img068.png,714.2300314771563,546.9858911597001,755.2409830132742,536.032655656265,772.0529258790119,530.428674701019,802.6200947258079,531.4475803292456,824.2718393256217,548.51424960204,836.49870686434,574.4963431218165,843.3763198548692,606.3371440038956
labeled-data,01088,img073.png,680.0503139160808,499.28653383433135,705.8448076293364,532.4829257435647,720.4243040759591,545.0437226821934,747.1159975705453,549.0811216981813,775.8263905731257,539.2119241035444,800.4993845597178,524.4081277115889,834.1443763596164,523.5109279302584
labeled-data,01112,img26.png,1032.33544921875,406.07403564453125,997.5180053710938,394.5341796875,982.148193359375,380.42144775390625,989.8069458007812,358.0007019042969,1014.4183200623554,355.589555875434,1031.0773166443867,377.92671648119205,1038.6258544921873,415.3712867073928
labeled-data,01112,img27.png,1037.453369140625,404.9608154296875,999.6450805664062,395.4776306152344,981.67919921875,382.870361328125,985.0726928710938,359.74444580078125,1009.808207267881,352.052001953125,1029.6466336212957,370.1074796793673,1039.566019657075,401.2044675518255
labeled-data,01112,img28.png,1040.9071044921875,409.17095947265625,1005.7142333984375,397.39227294921875,984.488525390625,385.9768371582031,980.7113647460938,362.3671569824219,1000.3179992734422,347.9508056640625,1026.6789429180071,362.3459351641484,1038.4471276732017,388.3492165728832
labeled-data,01128,img26.png,815.370361328125,592.074462890625,842.27685546875,607.6261596679688,848.8338012695312,623.0379028320312,838.9414690846586,643.9063995135953,816.7947360702778,636.5835022423405,810.3460409929035,612.2249968806298,803.8303833007812,577.9229125976562
labeled-data,01128,img27.png,808.848388671875,590.533935546875,839.8521118164062,606.4854736328125,848.5746459960938,620.021484375,844.1559448242188,641.827392578125,819.8933971671703,644.3387736037613,810.8048682843208,622.4270966974375,803.0654062197389,585.5523984434365
labeled-data,01128,img28.png,806.8968505859375,587.242919921875,835.9568481445312,604.599365234375,848.000732421875,618.5693969726562,847.831298828125,643.390869140625,822.5866935639721,648.3050387537138,810.3643810890741,627.6549258025706,803.0546707740702,596.7419465872916
labeled-data,01128,img29.png,806.1317749023438,580.3147583007812,833.0453491210938,602.1530151367188,843.9613037109375,617.7427368164062,851.7596435546875,643.4707641601562,829.7045288085938,654.2695922851562,811.9386844184751,635.2714728408565,803.228753941387,606.8837134282205
labeled-data,01137,img27.png,880.4434367952534,184.5494008927439,914.7376098632812,168.8594512939453,931.7705688476562,171.44700622558594,947.6956787109375,193.28143310546875,929.5221557617188,213.3029327392578,898.8315241254421,210.2814982368993,868.584888739829,199.0208141145894
labeled-data,01137,img28.png,877.234619140625,194.47621154785156,908.5430297851562,173.05528259277344,927.2286987304688,169.7953338623047,948.0673828125,185.62379455566406,937.0745607320766,211.5734921538382,905.2356092065673,211.1506991766419,874.3843010905252,199.3093523685029
labeled-data,01137,img29.png,879.8236793898469,204.60513803476724,903.7454833984375,180.08819580078125,920.6671142578125,171.07786560058594,946.3580322265625,177.9740447998047,946.6129760742188,202.3634490966797,922.0200487481275,214.46198662037787,897.7128757591515,206.39689806583596
labeled-data,01137,img30.png,875.805908203125,211.07833862304688,901.96728515625,185.16302490234375,917.1375732421875,173.06715393066406,943.808349609375,172.51902770996094,951.1763628012361,196.30439844163365,927.6116391146861,213.26804104042685,901.9441980189705,207.70792788757538
labeled-data,01137,img31.png,869.5293579101562,214.242919921875,898.2891845703125,192.05612182617188,914.2576904296875,176.71170043945312,939.5654296875,167.36790466308594,956.6339109241544,186.371033027831,944.9072267711583,208.89343219987117,912.5775786048084,211.83117707079975
labeled-data,01146,img32.png,356.73431396484375,333.7743225097656,362.3144836425781,298.0030822753906,368.8300476074219,284.25262451171875,394.64012134420994,276.26020195691655,407.5094909667969,300.7057800292969,392.64593785569934,323.8203642178314,370.5583450366008,335.7505466431806
labeled-data,01146,img33.png,359.7952880859375,342.0873718261719,363.3562927246094,304.72149658203125,368.7173156738281,289.127685546875,387.6263732910156,272.81231689453125,409.0079617462958,291.98033643329074,399.0457528652172,317.67322790902824,378.2192252472884,330.7959082406727
labeled-data,01146,img34.png,361.1254577636719,350.4100646972656,365.278076171875,310.43798828125,368.10772705078125,292.3252258300781,383.2464904785156,270.418701171875,407.2228142626543,280.57731323767325,407.89620292927793,307.9336296923418,387.6485012606665,325.9886874652879
labeled-data,01154,img25.png,875.236864388014,702.7576151219235,904.6273193359375,680.570556640625,921.5660400390625,677.2984619140625,935.4131469726562,699.0323486328125,917.3445343483647,718.9373026219235,887.0249008374551,721.0206675366945,850.8489483161633,725.1559539328854
labeled-data,01154,img26.png,875.6285612686365,713.0869140625,901.7206420898438,684.573486328125,918.3319702148438,676.8055419921875,936.1015014648438,692.5765380859375,927.7119526618208,715.1509013420855,896.0575115217155,720.5988907040872,857.823775340421,721.0240714936594
labeled-data,01154,img27.png,874.5801670207555,718.5985773064366,898.1102294921875,688.2415161132812,915.2761840820312,677.1082153320312,938.0390625,689.1904907226562,933.9913495950909,712.2600597425956,905.3157563342472,722.376914206215,872.498423928988,724.9556716741489
labeled-data,01154,img28.png,871.3421140608825,720.7777079592539,896.64111328125,690.585205078125,912.5000610351562,678.925048828125,938.0875854492188,684.8143920898438,939.960573290746,708.8587056149647,913.7085351103871,723.117435643992,879.4408289100239,727.7721867716216
labeled-data,01154,img29.png,862.9796752929688,722.23291015625,893.529052734375,696.562744140625,908.5134887695312,684.0,935.4953002929688,677.9806518554688,947.3353271484375,702.4440307617188,925.8505422720905,723.3486212326688,892.0029470572467,727.9361043938449
labeled-data,01167,img26.png,608.0067096029976,412.2067757382021,576.0831298828125,415.99420166015625,558.51953125,427.0660400390625,569.5430297851562,449.4417419433594,593.196533203125,449.9779052734375,611.5946655273438,428.6614685058594,629.7937622070312,399.9281311035156
labeled-data,01167,img27.png,613.9815019362767,423.6009675882658,581.8399047851562,415.54241943359375,560.6298217773438,420.59967041015625,564.4143933442306,446.98227987780893,589.8385654719292,452.9898077686669,,,625.6722996783254,406.6140750691098
labeled-data,01167,img28.png,616.6301188942261,431.8006672385863,588.9468994140625,414.5445861816406,565.407958984375,416.6064758300781,559.1001586914062,437.2275390625,577.8428567127874,454.2815327171019,601.5427863942658,443.9040187807629,625.3979753320116,408.0949311583655
labeled-data,01167,img29.png,618.6419677734375,435.1933898925781,593.1299438476562,418.2905578613281,570.8904418945312,416.3930969238281,556.3447433062721,436.3273840269015,572.3869817076761,453.3041491667711,596.2988214677179,447.36770143492055,621.4454317796838,416.90768279090537
labeled-data,01167,img30.png,622.66522706461,438.59020261597544,595.7725219726562,419.5816345214844,573.2564697265625,415.1266784667969,555.157958984375,429.7649230957031,560.4902477543334,449.8382800085536,584.030907926548,453.8530371370327,,
labeled-data,01167,img31.png,627.6939180499556,437.5616009524103,598.8356323242188,420.0249328613281,577.8948364257812,414.702880859375,553.1353149414062,423.7120361328125,555.3623024501552,447.1506630458584,577.3106599959334,455.0565091961381,603.5419315615139,443.9082493039916
labeled-data,01167,img32.png,633.0172729492188,433.622802734375,602.595703125,420.4231872558594,580.1849975585938,415.72247314453125,550.4931640625,422.0407409667969,546.9716796875,441.7050476074219,563.572676075157,455.46221923828125,590.7152081614352,454.92171753831184
labeled-data,01167,img33.png,641.7393188476562,426.8591003417969,606.544189453125,420.5854797363281,583.69677734375,417.114990234375,548.6983032226562,418.6611633300781,539.9795532226562,436.9100036621094,550.19482421875,455.152587890625,576.1287428071117,462.5075169192689
